id_cliente,nombre,edad,ciudad,fecha_compra,producto,precio
1,Auberta,1,Terjan,2/7/2025,Peach Slices (canned),2.49
2,Anatola,2,Neebing,1/19/2025,Travel Mug with Leak-Proof Lid,24.99
3,Darb,3,L’vovskiy,6/5/2025,Bodyweight Resistance Bands,22.99
4,Layla,4,Vitória de Santo Antão,6/19/2025,Magnetic Puzzle Board,24.99
5,Ingar,5,Kotuń,1/12/2025,Vegetable Spiralizer,19.99
6,Randie,6,Légua,9/1/2025,Almond Butter Cups,3.29
7,Maddie,7,Yangqiao,4/21/2025,Interchangeable Watch Bands,24.99
8,Thomasine,8,Pravda,11/30/2024,Trendy Bomber Jacket,69.99
9,Clarke,9,Barda,8/3/2025,Spicy Salsa Verde,3.49
10,Arlene,10,Hecun,1/7/2025,Tomato Basil Soup,3.49
11,Joycelin,11,Cuauhtemoc,4/9/2025,Sweet Chili Dipping Sauce,2.99
12,Esma,12,Banī Zayd,9/14/2025,Marinara Sauce,3.49
13,Kamila,13,Orlando,10/13/2025,Jalapeño Cornbread,3.29
14,Britney,14,Jutiapa,12/25/2024,Cucumber Lime Sparkling Water,1.49
15,Louise,15,Kefang,11/24/2024,Poppy Seed Dressing,3.49
16,Felicdad,16,Neundeut,12/7/2024,Electric Food Steamer,59.99
17,Barclay,17,Zhoujiang,6/23/2025,Weighted Jump Rope with Counter,14.99
18,Brittney,18,Katunayaka,2/7/2025,High-Low Hem Tee,22.99
19,Ricard,19,Washington,9/22/2025,Mini Hand Gesture Drone,29.99
20,Jacquelynn,20,Espinal,12/7/2024,Smart Wi-Fi Camera,89.99
21,Iver,21,Saint-Tite,3/28/2025,Thyme,2.49
22,Jameson,22,Pehuajó,7/28/2025,Balsamic Fig Dressing,3.79
23,Paige,23,Margos,4/10/2025,Rechargeable Hand Warmer,22.99
24,Hyacintha,24,Donghui,12/22/2024,Magnetic Curtain Tiebacks,12.99
25,Hermione,25,Pakong,1/8/2025,Chocolate Chip Muffins,3.99
26,Polly,26,Tilcara,5/30/2025,Balsamic Salad Dressing,2.99
27,Georas,27,Roma,6/22/2025,Ramen Noodle Soup Cups,1.29
28,Odey,28,Yingtan,10/2/2025,Vanilla Ice Cream,4.99
29,Addie,29,Tuchengzi,9/11/2025,Peanut Butter Granola,4.99
30,Kiley,30,Ili,5/31/2025,Wi-Fi Enabled Smart Light Switch,24.99
31,Lorita,31,Ozerki,8/29/2025,LED Makeup Mirror,39.99
32,Nonah,32,Kamwenge,1/1/2025,Vegetable Broth,2.29
33,Izak,33,Baghlān,3/6/2025,Puzzle Game Set,34.99
34,Harris,34,Semypolky,3/29/2025,Bamboo Cutting Board Set,34.99
35,Paula,35,Waddān,10/20/2024,Athletic Sports Bra,24.99
36,Lora,36,Jin’e,6/12/2025,Puzzle 3D Model Kit,22.99
37,Tremain,37,Samagaltay,3/25/2025,Coconut Oil Spray,4.99
38,Jase,38,Ganta,9/7/2025,Portable Laptop Table,39.99
39,Aldous,39,Cork,9/15/2025,Traditional Hummus,3.29
40,Stacy,40,Parabon,4/1/2025,Folding Table,59.99
41,Edythe,41,Barajalan,12/10/2024,Garden Hose Reel,49.99
42,Rosita,42,Doksy,7/1/2025,Savory Quinoa Pudding,2.99
43,Henri,43,Alvito de São Pedro,5/27/2025,Strawberry Rhubarb Jam,4.29
44,Dell,44,Bonabéri,1/3/2025,Portable Ice Maker,199.99
45,Emmalynne,45,Šentjur,12/27/2024,Italian Pasta,2.29
46,Powell,46,Kankara,9/8/2025,Vegetable Sushi Rolls,5.99
47,Yard,47,Pantin,7/10/2025,Ice Cream Scoop,12.99
48,Fabian,48,Lukovo,6/8/2025,Stainless Steel Grater,14.99
49,Alonso,49,Middleton,5/24/2025,Vanilla Protein Powder,24.99
50,Cedric,50,Cotabambas,4/16/2025,Arcade Game Machine,299.99
51,Cheri,51,Ihuari,12/12/2024,Insulated Cooler,39.99
52,Gabey,52,Golek,8/3/2025,Pizza Stone,29.99
53,Nappie,53,Jesenice,1/22/2025,Multi-Cooker,89.99
54,Seymour,54,Paranaíba,8/26/2025,Honey mustard chicken tenders,7.99
55,Georgette,55,Shahr-e Qods,3/27/2025,Sweet Corn,1.5
56,Bibbie,56,São Domingos de Rana,4/29/2025,Mango Sticky Rice Dessert,4.5
57,Hadleigh,57,Zákupy,8/15/2025,Kid's Fruit Snacks,2.49
58,Shina,58,Reforma,10/26/2024,Pineapple Coconut Yogurt,4.49
59,Cordy,59,Costa Sacate,9/7/2025,Mini Projector for Smartphones,99.99
60,Honey,60,Dagua,8/10/2025,Artisan Pickles,2.49
61,Salaidh,61,Sosnówka,2/16/2025,Cocktail Shaker Set,29.99
62,Antone,62,Solna,12/11/2024,Hummus,4.29
63,Zea,63,Cikeper,1/15/2025,Sliced Olives,1.99
64,Katinka,64,Mariatana,9/18/2025,Home Karaoke System,129.99
65,Martie,65,Barra dos Coqueiros,5/2/2025,Pet Leash,15.99
66,Arlette,66,Kemil,9/14/2025,Sports Windbreaker,44.99
67,Haywood,67,Cibeureum Satu,10/4/2025,Lemonade Mix,1.99
68,Emmalynne,68,Serrinha,12/20/2024,Blue Denim Jeans,49.99
69,Peta,69,Glagahdowo,12/5/2024,Folding Backpack Chair,49.99
70,Tomkin,70,Nanxiang,8/24/2025,Safety Goggles,14.99
71,Sky,71,Cambanugoy,2/2/2025,Gardening Tool Belt,22.99
72,Alfreda,72,Nagpandayan,1/4/2025,Organic Black Beans,1.29
73,Prent,73,Tobatí,2/25/2025,Chocolate Mint Protein Shake,3.99
74,Terrell,74,Pavlodar,4/9/2025,Travel Mug,18.99
75,Forest,75,Zeist,7/8/2025,Electric Hot Water Dispenser,59.99
76,Alexander,76,Bolboc,3/22/2025,Avocados,1.5
77,Vina,77,Buynichy,5/17/2025,Biodegradable Phone Case,23.99
78,Norton,78,Banjar Dauhpura,8/8/2025,Portable Hammock,27.99
79,Blancha,79,Ambelókipoi,3/27/2025,Tofu,2.49
80,Tabbatha,80,Fullerton,3/22/2025,Gardening Kneeler and Seat,39.99
81,Kaine,81,Cibunar,7/6/2025,Organic Baby Carrots,2.99
82,My,82,Edgeworthstown,7/25/2025,Canned Black Beans,1.29
83,Nana,83,Guayatá,1/4/2025,Organic Granola,5.49
84,Klement,84,Keyinhe,6/6/2025,Roasted Red Pepper Hummus,3.49
85,Camella,85,Vigan,8/2/2025,Sun-Dried Tomatoes,3.99
86,Elnore,86,Staryy Saltiv,11/28/2024,Toy Building Set,29.99
87,Winnifred,87,Malanay,11/19/2024,Pepperoni Pizza Rolls,6.99
88,Suzette,88,Silikatnyy,2/12/2025,Cork Yoga Mat,39.99
89,Elnore,89,La Concepción,4/7/2025,Sculpting Kit,25.99
90,Godard,90,Dongla,11/9/2024,Lemon Garlic Shrimp,8.99
91,Carlota,91,Nueva Gorgona,3/17/2025,Kale and Quinoa Salad,6.49
92,August,92,Ivanovo-Alekseyevka,7/24/2025,Comfort Flats,44.99
93,Eva,93,Gulariyā,5/20/2025,Digital Voice Recorder,49.99
94,Virge,94,Åtvidaberg,6/22/2025,Egg Noodles,2.29
95,Booth,95,Jing’an,1/21/2025,Tomato Sauce,2.79
96,Gabbie,96,Santa Lucía,1/13/2025,Blueberry Chia Jam,4.99
97,Brennan,97,Op,4/8/2025,Coconut Oil,6.49
98,Alfreda,98,Kristianstad,5/29/2025,Folding Pocket Knife,24.99
99,Umberto,99,Cachoeirinha,6/1/2025,Portable Folding Picnic Table,69.99
100,Gerrie,100,Putrajaya,3/17/2025,Emergency Preparedness Kit,99.99
101,Ranique,101,Laon,6/22/2025,Roasted Chickpeas,2.99
102,Quincey,102,Villanueva,5/11/2025,Cordless Water Flosser,49.99
103,Mufinella,103,Wutan,7/4/2025,Personal Blender with Travel Lid,34.99
104,Shawn,104,Kirove,4/20/2025,Organic Tomato Soup,3.79
105,Florinda,105,Kotel,9/2/2025,Sports Windbreaker,44.99
106,Veradis,106,Pagarbatu,10/16/2025,Cork Yoga Mat,39.99
107,Yvon,107,Atlanta,6/14/2025,Rice Pudding,2.29
108,Son,108,Chongxian,11/24/2024,Smart Plant Monitor,24.99
109,Caroljean,109,Al Mushannaf,8/3/2025,Roasted Garlic,4.29
110,Aloise,110,Ampelgading,9/30/2025,Travel Pillow with Memory Foam,29.99
111,Arvie,111,Mayapusi,8/12/2025,Digital Drawing Tablet,79.99
112,Dominic,112,Bijia,12/6/2024,Sriracha Honey Glaze,3.59
113,Ruthi,113,Berlin,2/13/2025,Organic Black Bean Burger,4.49
114,Melicent,114,Umbulan,7/28/2025,Avocados,1.5
115,Deeann,115,Butare,2/2/2025,Throw Pillow Covers,22.99
116,Iver,116,Czerwionka-Leszczyny,1/25/2025,Adjustable Skipping Rope,12.99
117,Chrystal,117,Kalilu,12/6/2024,Zucchini,0.79
118,Celestia,118,Salon-de-Provence,3/20/2025,Protein Pancake Mix,3.99
119,Efrem,119,Bagneux,10/13/2025,Insulated Coffee Mug,24.99
120,Ferdinanda,120,Tyvriv,11/24/2024,Ceramic Bakeware Set,49.99
121,Nelli,121,Septfontaines,11/20/2024,Chocolate Coconut Granola,3.79
122,Esme,122,Cibalung,1/28/2025,Travel Eye Mask with Ear Plugs,15.99
123,Betteanne,123,Olleros,9/21/2025,Sports Windbreaker,44.99
124,Audrey,124,Gunungkencana,2/25/2025,Self-Watering Planter,24.99
125,Emili,125,Jagodina,10/7/2025,Organic Coconut Oil,8.99
126,Felike,126,Jifnā,6/4/2025,Peach Mango Smoothie Mix,5.99
127,Lanny,127,Karangagung Timur,3/30/2025,Winter Insulated Jacket,89.99
128,Silas,128,Gorshechnoye,4/28/2025,Frozen Cauliflower Rice,2.99
129,Dominique,129,Mengxi,7/28/2025,Honey Wheat Pretzels,3.49
130,Margaret,130,Lufang,2/1/2025,Electric Egg Cooker,29.99
131,Bendix,131,Cusapín,11/29/2024,Oven Mitts with Pocket,19.99
132,Hadria,132,Huanchillas,9/27/2025,Cranberry Juice,3.69
133,Denny,133,Wailolung,9/25/2025,Fruit Medley Juice,3.49
134,Kasper,134,Cafayate,7/21/2025,Organic Coconut Flour,5.49
135,Eugenie,135,Zavitinsk,5/31/2025,Spinach and Cheese Quiche,5.49
136,Jemie,136,Gunjur Kuta,6/9/2025,Camping Chair,29.99
137,Jerad,137,Zhanghua,12/29/2024,Vegetable Curry,5.99
138,Engelbert,138,Ban Ko Lan,2/9/2025,Vegan Mayonnaise,4.49
139,Mattie,139,Pilar,12/31/2024,Garlic & Herb Goat Cheese,5.49
140,Flora,140,Gospić,9/29/2025,Steak Seasoning Rub,2.49
141,Gabriellia,141,Dumandesa,11/16/2024,Action Camera,199.99
142,Lena,142,Al Fuwayliq,11/21/2024,Skincare Set,54.99
143,Eleonora,143,eSikhawini,1/6/2025,Jump Rope with Counter,12.99
144,Junia,144,Tene,11/6/2024,Winter Insulated Jacket,89.99
145,Michelle,145,Thị Trấn Na Hang,3/18/2025,Tandoori Chicken Marinade,2.49
146,Ethelred,146,Pingle,4/24/2025,Classic Caesar Dressing,3.49
147,Nicolle,147,Tuchlovice,12/24/2024,Wrap Front Midi Skirt,44.99
148,Patricia,148,Liangchahe,2/7/2025,Maple Bacon Popcorn,3.49
149,Karlene,149,Adelaide Mail Centre,1/13/2025,Electric Pressure Washer,199.99
150,Rebbecca,150,Circasia,8/26/2025,Essential Oil Diffuser,34.99
151,Liva,151,Ozerki,2/2/2025,Classic Black Trousers,54.99
152,Katrina,152,Rudong,2/26/2025,Ultraviolet Phone Sanitizer,39.99
153,Arlana,153,Nāṟay,10/29/2024,Wireless Gaming Mouse,39.99
154,Salmon,154,Beiyang,11/17/2024,High-Waisted Skirt,34.99
155,Horatia,155,Wawu,1/27/2025,Striped Long Sleeve Shirt,29.99
156,Rosalind,156,Jargalant,12/5/2024,Chili Garlic Sauce,2.49
157,Zondra,157,Xiaojinkou,7/18/2025,Cat Tree with Scratching Posts,79.99
158,Barde,158,Hluhluwe,6/15/2025,Chili Con Carne Mix,2.99
159,Granthem,159,Yanagawamachi-saiwaichō,7/20/2025,LED Desk Light,34.99
160,Rolando,160,Shengtang,10/27/2024,Spicy Thai Noodles,1.99
161,Eudora,161,Bayan,6/16/2025,Vegetable Stir-Fry Sauce,3.49
162,Louisa,162,Cosne-Cours-sur-Loire,11/24/2024,Oven-Baked Parmesan Zucchini,4.99
163,Dale,163,Farinheiras,5/24/2025,Non-Stick Grill Mat,19.99
164,Sheba,164,Zakhim,8/26/2025,Balsamic Vinegar,4.99
165,Devin,165,Xiwanzi,12/19/2024,Fitness Jump Box,69.99
166,Jared,166,Olocuilta,2/3/2025,Miso Soup Starter,2.99
167,Nikolos,167,Santa Rosa de Viterbo,8/7/2025,Beef Sirloin Steak,15.99
168,Penni,168,Sasaguri,6/27/2025,Leather Notebook Cover,29.99
169,Danie,169,Chahe,5/7/2025,Pet Grooming Gloves,9.99
170,Sheilah,170,Prupuh,3/2/2025,Electric Butter Churn,49.99
171,Clemmy,171,Dalumangcob,12/17/2024,Harvest Grain Salad,5.49
172,Denice,172,Jingmen,1/5/2025,Basic V-Neck T-Shirt,19.99
173,Caressa,173,Sampués,7/29/2025,Sweet and Spicy Barbecue Sauce,3.99
174,Chris,174,Ramana,7/15/2025,Peach Halves (canned),2.49
175,Alfy,175,Shixi,1/19/2025,Sweet Chili Dipping Sauce,2.99
176,Andrey,176,Sharan,2/24/2025,Chino Shorts,34.99
177,Freddy,177,Drochia,5/31/2025,Wrist Support Brace,19.99
178,Moishe,178,Pervoavgustovskiy,5/24/2025,Organic Brown Rice Cakes,3.99
179,Bekki,179,Mellila,11/28/2024,Smoky BBQ Jackfruit,4.99
180,Kathy,180,Madrid,5/2/2025,Reversible Comforter Set,89.99
181,Cathy,181,Václavovice,11/5/2024,Outdoor Portable Fire Pit,149.99
182,Donna,182,Zernograd,3/24/2025,Cheesy Broccoli Soup Mix,2.99
183,Floris,183,Pundong,2/15/2025,Multi-Tool,39.99
184,Wye,184,Biasong,3/30/2025,Puffer Winter Coat,99.99
185,Abbye,185,Leiden,7/18/2025,Silicone Stretch Lids,14.99
186,Giselle,186,Cirangkong,4/28/2025,Banana Nut Oatmeal Cups,2.99
187,Thain,187,Leles,2/12/2025,Infrared Space Heater,99.99
188,Bobby,188,North York,2/22/2025,Organic Whole Grain Oats,2.49
189,Dalis,189,Castelli,7/20/2025,Leather Notebook Cover,29.99
190,Pooh,190,Morropón,1/15/2025,Travel Jewelry Organizer,19.99
191,Peyter,191,Kulun,4/19/2025,Lemon Herb Chicken,7.49
192,Norrie,192,Guangshan Chengguanzhen,12/1/2024,Luxury Memory Foam Mattress Topper,129.99
193,Alexine,193,Yunyan,6/11/2025,Heart-Shaped Baking Molds,10.99
194,Jacquenette,194,Luzon,1/17/2025,Spaghetti Squash,3.99
195,Camella,195,Miami,1/30/2025,Honey Mustard Dip,3.29
196,Cristiano,196,Tiandiba,11/22/2024,Heat-Resistant Silicone Mat,19.99
197,Sherwood,197,Chinandega,11/8/2024,Outdoor Camping Hammock,29.99
198,Bevon,198,Ýdra,8/31/2025,Ripped Boyfriend Jeans,54.99
199,Valma,199,Bang Sao Thong,8/17/2025,Ginger Turmeric Latte Mix,5.29
200,Dagmar,200,Santa Adélia,3/16/2025,BBQ Jackfruit,4.29
201,Adelice,201,Tiblawan,6/3/2025,Kids' STEM Robotics Kit,59.99
202,Alexandrina,202,Oke Mesi,1/21/2025,Frozen Berry Blend,4.99
203,Caryl,203,Juncalito Abajo,10/12/2025,Peach Slices (canned),2.49
204,Caspar,204,Şānūr,1/3/2025,Maple Almond Granola,5.49
205,Welby,205,Du’ermenqin,5/8/2025,Snap-On Tupperware Set,34.99
206,Daffie,206,Olesno,10/27/2024,Digital Food Thermometer,19.99
207,Kym,207,Wenshang,10/4/2025,Dark Chocolate Almond Butter Cups,4.99
208,Free,208,Karabash,6/30/2025,Hiking Water Bottle with Filter,29.99
209,Haley,209,Petrópolis,10/5/2025,High-Pressure Handheld Shower Head,39.99
210,Hamlen,210,Jadów,6/27/2025,Peanut Butter Granola,4.99
211,Panchito,211,Mayorga,5/29/2025,Chickpea Snack Mix,3.49
212,Lizette,212,Minh Lương,10/25/2024,Banana Peanut Butter Smoothie,5.49
213,Leigha,213,Sifala,10/29/2024,White Rice,1.49
214,Hartley,214,Biga,9/20/2025,Chino Shorts,34.99
215,Alford,215,Zhaocun,11/13/2024,Dark Chocolate Covered Pretzels,3.99
216,Claribel,216,Quinjalca,6/22/2025,Organic Black Rice,3.59
217,Madlen,217,Jermuk,2/12/2025,Teriyaki Sauce,2.99
218,Eva,218,Cassanayan,2/3/2025,Chipotle Seasoning Blend,2.49
219,Niel,219,Cireundang,7/4/2025,Digital Alarm Clock,19.99
220,Mada,220,Oslo,4/16/2025,Cheddar & Bacon Potato Skins,7.49
221,Kipp,221,Salinas,4/2/2025,Oven-Baked Sweet Potato Fries,3.99
222,Ebenezer,222,Belawang,4/4/2025,Hibiscus Tea Bags,3.79
223,Romona,223,Xinglongjie,3/18/2025,Almond Butter Cups,3.29
224,Frederic,224,Dumingag,8/7/2025,Casual Long Cardigan,45.99
225,Astrid,225,Cikiwul Satu,8/13/2025,Stylish Wide-Leg Trousers,59.99
226,Devon,226,Waturoka,2/17/2025,Cheddar & Bacon Potato Skins,7.49
227,Morena,227,Luanshya,6/4/2025,Warm Knit Beanie,19.99
228,Christos,228,Lijiazui,2/7/2025,Watercolor Brush Pens,19.99
229,Emili,229,Hengjie,3/7/2025,Glass Food Containers,34.99
230,Gray,230,Upig,1/18/2025,Portable Solar Generator,399.99
231,Andriana,231,Thala,8/20/2025,Sesame Seeds,1.99
232,Charles,232,Kirkton,1/12/2025,Bamboo Toothbrush,5.99
233,Calhoun,233,Koysinceq,7/11/2025,Magnet Travel Fridge Magnets,12.99
234,Pierre,234,Aginskoye,8/7/2025,Maple Almond Butter,5.49
235,Hillel,235,Jember,1/9/2025,Brussels Sprouts,3.49
236,Ilka,236,Dapdap,6/6/2025,Zucchini Noodles,3.99
237,Noe,237,Rawa Mazowiecka,9/27/2025,Baked Mac and Cheese,5.99
238,Samuel,238,Uberaba,7/14/2025,Smoky BBQ Jackfruit,4.99
239,Ikey,239,Quetigny,6/29/2025,Portable Phone Charger,29.99
240,Peggi,240,Altkirch,8/6/2025,Portable Bluetooth Keyboard,39.99
241,Waylon,241,Belčišta,8/2/2025,Sweet Chili Thai Sauce,3.49
242,Maighdiln,242,Inglewood,9/20/2025,Personalized Cutting Board,34.99
243,Marci,243,Air Bangis,11/14/2024,Spiced Pumpkin Soup,3.99
244,Perla,244,Nūrābād,8/19/2025,Digital Camera,299.99
245,Ricoriki,245,Kurumkan,6/10/2025,Mini Food Processor,39.99
246,Brett,246,Jaraguá,10/2/2025,Vegetable Fried Rice,4.99
247,Lonny,247,Malec,7/21/2025,Kids' Gardening Kit,24.99
248,Garwood,248,Trondheim,9/25/2025,Taro Chips,3.59
249,Arley,249,Zaragoza,7/9/2025,Biodegradable Trash Bags,12.99
250,Mitchel,250,Habiganj,10/14/2025,LED Desk Light,34.99
251,Aguistin,251,Ptghunk’,1/13/2025,Maple Bacon Potato Chips,2.89
252,Imelda,252,Codoi,6/8/2025,Camping Chair with Cooler,49.99
253,Karlik,253,Sambongpari,12/13/2024,Travel Shoe Bags Set,15.99
254,Van,254,Hidalgo,11/28/2024,Set of Measuring Spoons,12.99
255,Ulrica,255,Sośno,10/14/2025,Cushion Covers,35
256,Trish,256,Jīt,5/2/2025,Kale Salad with Lemon Dressing,4.99
257,Maggi,257,Phuthaditjhaba,8/9/2025,Protein Pancake Mix,3.99
258,Micah,258,Dahuaishu,6/26/2025,Organic Almond Flour,6.99
259,Sianna,259,Tambura,7/1/2025,Survival Gear Kit,59.99
260,Gan,260,Tazemmourt,12/30/2024,Tactical Backpack,59.99
261,Ninnette,261,Tepusteca,11/24/2024,Black Bean & Corn Salad,3.99
262,Joseito,262,Gangsha,8/13/2025,Wild Rice Pilaf,3.79
263,Oneida,263,Dushan,7/26/2025,Spicy Hummus,3.49
264,Venita,264,Springfield,7/29/2025,Tea Infuser Bottle,19.99
265,Beulah,265,Huashan,10/28/2024,Organic Tomato Soup,3.79
266,Maurine,266,Kumba,10/28/2024,Thai Green Curry Paste,2.49
267,Owen,267,Magdalena,3/20/2025,Biodegradable Phone Case,23.99
268,Deanne,268,Dzhalilabad,3/31/2025,Almond Joy Munch Bars,1.39
269,Wilbert,269,Independencia,6/9/2025,Trendy Bomber Jacket,69.99
270,Kelly,270,Douz,8/31/2025,Lentil Soup (canned),1.99
271,Bartlett,271,Yangce,1/28/2025,Bicycle Lock,29.99
272,Dorris,272,Myadzyel,9/9/2025,Cinnamon Roll Protein Bar,2.99
273,Hakim,273,Fuxing,7/16/2025,Fitness Jump Box,69.99
274,Parsifal,274,Katiola,8/6/2025,Wireless Printer,99.99
275,Liva,275,Cilangla,2/6/2025,Sweet and Spicy Barbecue Sauce,3.99
276,Bret,276,Janowiec,9/16/2025,Sunglasses Case,15.99
277,Kellia,277,Kryevidh,5/13/2025,Chocolate Mint Thins,2.99
278,Hazel,278,Vilque Chico,11/11/2024,Stuffed Grape Leaves,5.79
279,Maurene,279,Beigucheng,4/13/2025,Rechargeable Hand Warmer,22.99
280,Romeo,280,Cikuray,12/6/2024,Pesto Pasta Salad,4.99
281,Julee,281,Shiyaogou,12/13/2024,Canned Black Beans,1.29
282,Dasie,282,Takaoka,1/1/2025,Nut Mix,5.99
283,Corella,283,Quintã,8/7/2025,Travel Pillow,22.99
284,Rice,284,Tuanai,5/19/2025,Natural Peanut Butter,4.29
285,Conrade,285,Armenia,9/5/2025,Garlic Naan Bread,3.99
286,Adelheid,286,Sobienie Jeziory,3/6/2025,Pet Grooming Kit,39.99
287,Jilli,287,Trai Ngau,12/25/2024,Classic Black Trousers,54.99
288,Irita,288,Replot,10/5/2025,Foam Roller for Muscle Recovery,29.99
289,Keane,289,Omaha,3/8/2025,Stuffed Peppers with Quinoa,7.99
290,Josefina,290,San Rafael,10/12/2025,Cajun Seasoning,1.99
291,Fidela,291,Mbanza-Ngungu,6/17/2025,Miso Soup Mix,3.29
292,Petr,292,Moulay Abdallah,8/1/2025,Honey BBQ Riblets,12.99
293,Desmund,293,Capão da Canoa,5/27/2025,Coconut Flakes,3.29
294,Knox,294,Misasi,1/11/2025,Dark Chocolate Covered Raisins,3.99
295,Coral,295,Serra,7/28/2025,Ergonomic Mouse Pad with Wrist Support,14.99
296,Estell,296,Thabazimbi,5/8/2025,Pecan Nuts,6.49
297,Rafaela,297,Kangani,10/25/2024,Honey Ginger Tea,2.99
298,Tami,298,Chojata,3/20/2025,Portable Speaker Stand,39.99
299,Kenon,299,Daduo,5/21/2025,Electric Rice Cooker,39.99
300,Abbie,300,Oakland,8/21/2025,Instant Pot,89.99
301,Benson,301,Gubukjero Timuk,2/8/2025,Cordless Water Flosser,49.99
302,Hector,302,Montaigu,3/9/2025,Tahini,5.49
303,Byrom,303,Sandefjord,12/27/2024,Air Fryer,79.99
304,Lacee,304,Aḑ Ḑil‘,6/16/2025,Caraway Rye Bread,4.79
305,Anabella,305,Guandian,3/19/2025,Asian Salad Mix,3.99
306,Dillon,306,Sim,4/13/2025,Thermostatic Shower Valve Kit,39.99
307,Merna,307,João Pessoa,5/27/2025,Classic Pumps,64.99
308,Rod,308,Qiaozi,10/25/2024,Herb-Infused Olive Oil,8.99
309,Mallissa,309,Cartago,2/2/2025,Cocktail Shaker Set,29.99
310,Cordula,310,Sayang Lauq,6/23/2025,High-Top Leather Boots,99.99
311,Meta,311,城郊,5/28/2025,Pumpkin Spice Creamer,3.79
312,Darice,312,Huallanca,12/20/2024,Waterproof Rain Boots,69.99
313,Neely,313,Yamango,10/19/2024,Roasted Garlic Butter,3.29
314,Shannah,314,Erpeldange,2/4/2025,Spiced Pumpkin Soup,3.99
315,Hardy,315,Hashaat,1/6/2025,Instant Pot,89.99
316,Teresa,316,Sobhādero,10/27/2024,Portable Electric Fan,24.99
317,Lanae,317,Saint-Quentin-en-Yvelines,11/11/2024,Two-Tier Fruit Basket,29.99
318,Kimble,318,Karangranjong,8/2/2025,Pepper Jack Cheese Slices,3.49
319,Taddeusz,319,Plakhtiyivka,7/4/2025,Smoky BBQ Jackfruit,4.99
320,Reiko,320,Fentange,7/15/2025,Personal Blender with Travel Lid,34.99
321,Stefano,321,Isulan,12/17/2024,Portable Blender,30
322,Jemimah,322,Altan-Ovoo,1/22/2025,Pumpkin Spice Muffins,3.99
323,Karyl,323,Havirga,5/28/2025,Magic Color-Changing Mug,14.99
324,Pascale,324,Motuo,10/4/2025,Sporty Slide Sandals,24.99
325,Naoma,325,Bao’an,7/8/2025,Ice Cream,5.99
326,Ardith,326,El Retorno,9/26/2025,LED Christmas Tree Lights,34.99
327,Portie,327,Heihe,12/11/2024,Buffalo Wing Sauce,3.99
328,Shannah,328,Praia da Vagueira,4/15/2025,Smart Thermostat with Wi-Fi,169.99
329,Gunter,329,Pocsi,12/26/2024,Lemon Lime Sparkling Water,1.99
330,Lancelot,330,Savyntsi,6/30/2025,Vegan Mac & Cheese,8.99
331,Brandy,331,Dagang,3/27/2025,Noise-Canceling Headphones,119.99
332,Ardenia,332,La Mesa,12/1/2024,High-Pressure Handheld Shower Head,39.99
333,Abraham,333,Tarakaniv,11/23/2024,Blueberry Chia Jam,4.99
334,Garnet,334,Addiet Canna,7/17/2025,Whole Chicken,12.99
335,Harcourt,335,Anyuan,4/27/2025,Ice Cream Maker,79.99
336,Gilda,336,Xiaxi,8/19/2025,Picnic Blanket,29.99
337,Kennan,337,Suva Reka,1/24/2025,Stainless Steel Grater,14.99
338,Gerhardt,338,Tsiroanomandidy,12/30/2024,Green Tea Matcha Powder,15.99
339,Beaufort,339,Perbaungan,1/31/2025,Handmade Leather Journal,39.99
340,Abby,340,Jawatiwa,2/27/2025,Sports Windbreaker,44.99
341,Corina,341,Dongxi,6/1/2025,Pineapple Coconut Yogurt,4.49
342,Sarine,342,Yulao,12/24/2024,Veggie Lovers Pizza,8.99
343,Zsa zsa,343,Leninsk,3/16/2025,Honey BBQ Riblets,12.99
344,Reba,344,Sintra,10/7/2025,Thai Basil Fried Rice,5.99
345,Florence,345,Boniewo,12/3/2024,Vegan chocolate chip cookies,4.79
346,Bernardina,346,Far‘ūn,10/23/2024,Tea Infuser Bottle,19.99
347,Marty,347,Iksha,3/28/2025,Laptop Backpack,69.99
348,Lindsay,348,Ganquan,10/25/2024,Eco-Friendly Stainless Steel Straws,12.99
349,Rhona,349,Isfara,1/12/2025,Pumpkin Spice Granola,4.99
350,Jakob,350,Paraná,1/3/2025,Organic Vanilla Bean Ice Cream,5.99
351,Denys,351,Alhambra,11/12/2024,Stainless Steel Travel Mug,19.99
352,Hermia,352,Sabana de Parra,11/11/2024,Granola Bars,4.99
353,Heall,353,Sangali,9/28/2025,Emergency Preparedness Kit,99.99
354,Wiley,354,Jiujiang,2/5/2025,Sun-Dried Tomatoes,3.99
355,Carleen,355,Janowiec,2/12/2025,Hiking Boots,79.99
356,Dottie,356,Cankuzo,9/13/2025,Active Racerback Tank,24.99
357,Zacharie,357,Parlilitan,4/24/2025,Outdoor Adventure Kit,89.99
358,Ewen,358,Razvanje,9/8/2025,Stainless Steel Water Pitcher,39.99
359,Emlynne,359,Waco,11/26/2024,Faux Fur Throw Blanket,39.99
360,Dolly,360,Laxou,6/21/2025,Adjustable Pet Feeder,39.99
361,Aeriell,361,Hayil,10/30/2024,Electric Skillet,49.99
362,Tamar,362,Novyye Kuz’minki,3/10/2025,Cranberry Orange Oatmeal,2.49
363,Rikki,363,Lyakhovtsy,12/27/2024,Digital Voice Recorder,49.99
364,Ardella,364,Tanjung Kidul,9/14/2025,Artisan Flatbreads,2.99
365,Violetta,365,Cikaludan,12/17/2024,Foldable Yoga Mat Carry Bag,18.99
366,Roxanne,366,Linquan,1/2/2025,Sweet Potato Fries,3.99
367,Michelina,367,Venëv,11/9/2024,Ultraviolet Phone Sanitizer,39.99
368,Emelia,368,Belo Oriente,3/31/2025,Organic Brown Rice Cakes,3.99
369,Forester,369,Solomenskoye,8/1/2025,Cheesy Broccoli Soup Mix,2.99
370,Eryn,370,Ta`ū,12/28/2024,Electric Nail File Kit,34.99
371,Carlin,371,Cipari,5/27/2025,Backpacking Tent,109.99
372,Dianne,372,Rakhmanovo,1/9/2025,Bamboo Memory Foam Pillow,34.99
373,Leon,373,Youngstown,9/25/2025,Tea Infuser Bottle,19.99
374,Ferris,374,Alilem,10/18/2024,Spicy Garlic Edamame,3.99
375,Stesha,375,Paulista,8/11/2025,Spicy Kimchi,4.79
376,Noella,376,Bessonovka,8/30/2025,Self-Stirring Mug,19.99
377,Ralf,377,La Habana Vieja,1/28/2025,Coffee Maker,89.99
378,Romona,378,Buenaventura,5/14/2025,Butternut Squash Soup,3.49
379,Lazaro,379,Nashville,12/22/2024,Stylish Wide-Leg Trousers,59.99
380,Yasmin,380,Enskede,11/25/2024,Beef Sirloin Steak,15.99
381,Veronika,381,Daxi,6/2/2025,Adjustable Skipping Rope,12.99
382,Nathanial,382,Podedwórze,6/28/2025,Organic Coconut Sugar,4.19
383,Dayna,383,Sundsvall,1/11/2025,Frozen Pizza,7.99
384,Cordy,384,Santander,10/26/2024,Hibiscus Herbal Tea,3.29
385,Alonzo,385,Babakan Baru,3/22/2025,Kale Salad Kit,4.99
386,Emlyn,386,Magsaysay,4/10/2025,Frozen Salmon Filets,12.99
387,Lorry,387,Tarbes,7/22/2025,Outdoor Mosquito Repellent Lantern,34.99
388,Sheila-kathryn,388,Cigoong,6/25/2025,Whisk Set,12.99
389,Bridget,389,Tambulatana,5/11/2025,Crispy Potato Tots,3.69
390,Boony,390,Penglai,3/29/2025,Sustainable Wooden Toys,29.99
391,Salvidor,391,Dashiju,12/8/2024,Organic Whole Wheat Flour,2.99
392,Kele,392,Puente Nacional,12/5/2024,Smartphone Gimbal,89.99
393,Jaymie,393,Włocławek,7/3/2025,Dog Waste Bag Dispenser,6.99
394,Kippy,394,Recarei,6/11/2025,Flavored Instant Oatmeal,2.99
395,Candice,395,Lianovérgi,6/25/2025,Honey Nut Cheerios,4.29
396,Pembroke,396,Huangjindong,7/2/2025,Dark Chocolate Tart,6.29
397,Ali,397,Isiro,5/14/2025,Ginger Snaps,2.79
398,Gwyneth,398,Tanggulangin,4/17/2025,Travel Shoe Bags Set,15.99
399,Morly,399,Calzada Larga,7/31/2025,Wall-Mounted Spice Rack,39.99
400,Nanete,400,Ōmamachō-ōmama,6/23/2025,Almond Butter Crunch Bar,1.99
401,Gilemette,401,Varadero,4/13/2025,Cabbage Slaw Mix,2.29
402,Geralda,402,Kompaniyivka,10/26/2024,Ribbed Knit Dress,59.99
403,Carlo,403,Guandukou,11/18/2024,Mango Chilli Sauce,3.99
404,Dugald,404,Yanghong,4/10/2025,BBQ Sauce,3.49
405,Glynnis,405,Silca,7/9/2025,Non-Slip Yoga Socks,12.99
406,Amii,406,Maastricht,11/15/2024,Sunglasses,29.99
407,Petronilla,407,Извор,3/16/2025,Adjustable Laptop Desk,59.99
408,Gan,408,Łagów,12/20/2024,Savory Trail Mix,4.29
409,Willard,409,Rukunlima Bawah,2/18/2025,Organic Coconut Flakes,3.49
410,Demetria,410,Noling,1/16/2025,Self-Watering Planter,24.99
411,Lynnelle,411,Conceição da Abóboda,11/15/2024,Tuna Fish (canned),2.29
412,Kacy,412,Dingqiao,7/11/2025,Canvas Tote Bag,19.99
413,Horatio,413,Xinan,2/11/2025,Electric Screwdriver,59.99
414,Karly,414,Ternopil’,6/15/2025,Running Shorts,34.99
415,Reeta,415,Baoquan,5/24/2025,Oatmeal Raisin Cookies,3.49
416,Jena,416,Podporozh’ye,11/10/2024,Crispy Rice Treats,3.5
417,Allyn,417,Sokobanteng,1/15/2025,Pepper Jack Cheese Sticks,2.49
418,Yasmeen,418,Jiabeiyan,9/10/2025,Crispy Rice Treats,3.5
419,Margit,419,Talitsy,11/7/2024,Almond Butter Cups,3.29
420,Winnah,420,Kristiansund N,8/17/2025,Sweet Chili Thai Sauce,3.49
421,Maryjane,421,Karanganyar,12/13/2024,Natural Soy Candles,19.99
422,Anna-diane,422,La Fortuna,6/8/2025,Portable Solar Phone Charger,29.99
423,Kathrine,423,Lanpelan,11/30/2024,Craft Beer Mustard,3.99
424,Kathrine,424,Shancheng,9/17/2025,Outdoor Mosquito Repellent Lantern,34.99
425,Fields,425,Wangkung,5/5/2025,Faux Leather Leggings,49.99
426,Agnola,426,Lukou,10/12/2025,Harvest Grain Salad,5.49
427,Layne,427,Węgorzyno,6/20/2025,DIY Organic Gardening Kit,39.99
428,Batholomew,428,Roa,4/21/2025,Peanut Butter Banana Smoothie Mix,4.49
429,Agnella,429,Buluh Kasap,1/30/2025,Vegan chocolate chip cookies,4.79
430,Haleigh,430,Owczarnia,10/3/2025,Self-Massaging Pillow,49.99
431,Christian,431,San Isidro,2/12/2025,Luminous Night Light,15.99
432,Steward,432,Pul-e Sangī,1/13/2025,Sun-Dried Tomato Pesto,4.49
433,Martha,433,Magomeni,10/13/2025,Inflatable Paddle Board,349.99
434,Lottie,434,Pakemitan,12/2/2024,Berries Medley,6.99
435,Zondra,435,Longmen,5/6/2025,Smartwatch,199.99
436,Lorens,436,Baluk,3/6/2025,Smoky BBQ Jackfruit,4.99
437,Lacie,437,Skanör,11/25/2024,Adjustable Pet Grooming Table,109.99
438,Maribeth,438,Punata,4/7/2025,Organic Baby Spinach,2.99
439,Riley,439,Lingcheng,10/28/2024,Smart Water Bottle,39.99
440,Nathan,440,Krasnaye,6/30/2025,Self-Adhesive Wallpaper,34.99
441,Alana,441,Nora,8/19/2025,Raspberry Tart,5.49
442,Flore,442,Sanxiang,10/11/2025,Hiking Boots,79.99
443,Jo-ann,443,Åkersberga,1/12/2025,Thermostatic Shower Valve Kit,39.99
444,Hilliary,444,Dondon,10/20/2024,Classic Pumps,64.99
445,Dorey,445,Osan,6/30/2025,Dark Chocolate Covered Pretzels,3.99
446,Beatrice,446,Gaoxing,3/24/2025,Spicy Thai Coconut Soup,3.99
447,Findlay,447,Masiga,7/17/2025,Cacao Nibs,6.49
448,Darsie,448,Severnyy,5/9/2025,Garam Masala Spice Blend,2.79
449,Barde,449,Xêgar,12/13/2024,Kale Salad Kit,4.99
450,Shelbi,450,Tarnowskie Góry,2/22/2025,Luminous Night Light,15.99
451,Roseann,451,Upton,11/21/2024,Fruit and Nut Medley,5.99
452,Skylar,452,Cruzeiro,11/16/2024,Bock Beer Mustard,2.29
453,Juliana,453,Hongqi,9/25/2025,Chocolate Syrup,2.99
454,Joanne,454,Bojadła,10/11/2025,Cinnamon Spiced Almonds,5.99
455,Simone,455,San Felipe,9/15/2025,Tuna Fish (canned),2.29
456,Herrick,456,Konārak,4/24/2025,Whole Wheat Pasta,2.49
457,Corie,457,Paccha,7/18/2025,Satin Slip Dress,59.99
458,Casi,458,Ōnojō,11/22/2024,Maxi Wrap Dress,49.99
459,Ernst,459,Binitinan,6/12/2025,Beef Tacos,5.49
460,Berna,460,Pondohan,4/23/2025,Dark Chocolate Covered Raisins,3.99
461,Gill,461,Rönninge,11/11/2024,Slim Wallet,24.99
462,Lynsey,462,Svetlyy,7/5/2025,Tea Set with Infuser,34.99
463,Esme,463,Sobral,5/22/2025,Stuffed Peppers with Quinoa,7.99
464,Lyndsay,464,Poconé,1/1/2025,Coconut Cream Pie,9.49
465,Keriann,465,Shidu,6/20/2025,Coconut Bowls Set,22.99
466,Fleurette,466,Cheongju-si,6/10/2025,Infrared Thermometer Gun,29.99
467,Olivier,467,San José de Colinas,6/6/2025,Air Mattress,49.99
468,Leisha,468,Nanniu,8/9/2025,Laptop Sleeve,24.99
469,Wilmar,469,Milaor,11/16/2024,Herbal Garden Starter Kit,24.99
470,Nolan,470,Chuanpu,12/25/2024,Interchangeable Watch Bands,24.99
471,Georgiana,471,Ilandža,1/12/2025,Organic Whole Wheat Flour,2.99
472,Cayla,472,Sandefjord,7/4/2025,Portable Blender,30
473,Pren,473,Cineumbeuy,12/28/2024,Electric Milk Frother,19.99
474,Genny,474,Musanze,1/28/2025,Electric Stir Fry Pan,49.99
475,Franny,475,Jardim,4/13/2025,Bamboo Charcoal Air Purifier Bags,12.99
476,Fran,476,Chunoyar,10/12/2025,Wrap Front Midi Skirt,44.99
477,Garnette,477,Nizhniy Kurkuzhin,5/17/2025,Portable Refrigerator Freezer,299.99
478,Ulrick,478,Alaghsas,11/19/2024,Sweet Potatoes (organic),1.99
479,Meara,479,Baní,12/4/2024,Organic Blueberries,5.49
480,Berton,480,Kostopil’,12/15/2024,Set of Measuring Spoons,12.99
481,Jewell,481,Parakou,12/18/2024,Kids' Craft Supplies Set,24.99
482,Aksel,482,El Tránsito,12/11/2024,Maple Almond Butter,5.49
483,Delmar,483,Cigaleuh Kulon,5/17/2025,Garlic Herb Cream Cheese,2.99
484,Leona,484,Cankova,8/28/2025,Cinnamon Sugar Popcorn,2.89
485,Kriste,485,Sovetsk,6/24/2025,Classic Cheesecake Mix,4.99
486,Stearn,486,San Lorenzo,1/15/2025,Spicy Kimchi,4.79
487,Eula,487,Dallas,8/22/2025,Energy Protein Bars,2.29
488,Everett,488,Sivaki,1/29/2025,Fridge Magnet Set,15.99
489,Roseanne,489,Ostrožská Lhota,2/25/2025,Non-Toxic Concrete Sealer,39.99
490,Rodolph,490,Daingean,3/2/2025,Cheddar & Bacon Potato Skins,7.49
491,Ailene,491,Nāḩiyat as Sab‘ Biyār,11/10/2024,Personal Blender with Cups,34.99
492,Shoshanna,492,Guniushan,6/22/2025,Pasta Salad Kit,5.99
493,Janos,493,San Vicente,6/9/2025,Sweet Chili Sauce,2.99
494,Arabela,494,Saint-Pierre,3/13/2025,Bamboo Cutting Board,22
495,Brew,495,Alcainça,2/27/2025,Organic Black Rice,3.59
496,Laural,496,Myanaung,9/3/2025,Portable Blender,30
497,Angus,497,San Isidro,3/27/2025,Spinach and Cheese Stuffed Shells,5.99
498,Hester,498,Tejar,9/2/2025,Vegan Chickpea Salad,3.99
499,Monah,499,Longlou,9/29/2025,Camping Tent,79.99
500,Chrissy,500,Shiniu,5/24/2025,Creamy Ranch Dressing,2.49
501,Irving,501,Binangun,8/13/2025,Pistachio Ice Cream,4.99
502,Lauraine,502,Lecong,5/14/2025,Survival Gear Kit,59.99
503,Tally,503,Kharkhorin,12/18/2024,Organic Sweet Potatoes,1.99
504,Wye,504,Nikopol’,9/22/2025,Luxury Yoga Mat,39.99
505,Johanna,505,Taitung City,1/25/2025,Smartphone Tripod with Remote,29.99
506,Rowland,506,Nunbaundelha,4/3/2025,Trendy Bomber Jacket,69.99
507,Bogart,507,Legok,12/13/2024,Mediterranean Olives,6.49
508,Dorolice,508,Jūrmala,11/2/2024,Smart WiFi Plug,19.99
509,Tommy,509,Yong’an,9/21/2025,Wireless Charging Pad,19.99
510,Guinevere,510,Rendian,9/22/2025,Dark Chocolate Almond Butter Cups,4.99
511,Etienne,511,Saint-Maurice-l'Exil,10/14/2025,Orange Ginger Vinaigrette,3.99
512,Colette,512,Quatá,10/5/2025,Chocolate Almond Milk,2.79
513,Alisun,513,Khatsyezhyna,1/31/2025,Margherita Pizza,7.99
514,Evangelia,514,Cruz Alta,9/17/2025,Watercolor Set,19.99
515,Fulvia,515,Yogyakarta,8/29/2025,Customizable Photo Calendar,19.99
516,Bancroft,516,San Nicolás,11/18/2024,Gardening Tools Set,45
517,Hughie,517,Vittoriosa,8/29/2025,Rechargeable Laptop Battery Pack,49.99
518,Viviana,518,Liufang,5/29/2025,Apple Cinnamon Oatmeal,2.89
519,Lloyd,519,Sindangsari,12/17/2024,Breathable Face Mask Set,14.99
520,Celestyn,520,Verin Dvin,5/23/2025,Cranberry Lime Sparkling Water,1.5
521,Madison,521,San Vicente,2/11/2025,Organic Cereal Bars,4.29
522,Charlotta,522,Balky,8/6/2025,Crafting Kit,29.99
523,Rriocard,523,Sérvia,11/25/2024,LED Desk Lamp with USB Charging Port,29.99
524,Garrott,524,Emiliano Zapata,10/6/2025,Cotton Sweatpants,29.99
525,Adelind,525,Cihideung Satu,6/18/2025,Barbecue Chicken Pizza,8.99
526,Valentine,526,Iksan,7/15/2025,Vanilla Protein Powder,24.99
527,Torey,527,Huangqiao,3/18/2025,Eggs (dozen),2.99
528,Lizzie,528,Xinlin,9/4/2025,Repair Tool Set for Home Improvement,29.99
529,Hetti,529,Kakaek,11/13/2024,Pesto Pasta Sauce,3.99
530,Faustine,530,Xinzheng,3/25/2025,Vegetable Korma,6.49
531,Fay,531,Czarnocin,9/15/2025,Portable Speakers,69.99
532,Mathias,532,Palana,4/3/2025,Oven Mitts with Pocket,19.99
533,Cristy,533,Darovskoy,7/23/2025,Whisk Set,12.99
534,Agnes,534,Nampula,3/12/2025,Overnight Hiking Backpack,79.99
535,Flossi,535,Padangbai,4/19/2025,Raspberry Lemonade Mix,3.99
536,Hali,536,Yejia,10/14/2025,Kale Chips,3.99
537,Terrell,537,Ferreiros,10/22/2024,Chili Beans in Sauce,1.79
538,Maury,538,Concordia,12/6/2024,LED Strip Light Kit,39.99
539,Jenelle,539,Kālīganj,3/17/2025,Asian Stir-Fry Kit,5.49
540,Franklin,540,Çepan,2/17/2025,Vegetable Chips,3.99
541,Mathew,541,Pasararba,7/25/2025,Rainbow Veggie Chips,3.29
542,Niccolo,542,Atalaia,4/26/2025,Oven-Baked Parmesan Zucchini,4.99
543,Dorise,543,Independencia,7/30/2025,Magnetic Phone Case,19.99
544,Dixie,544,Ruixi,6/24/2025,USB Flash Drive,9.99
545,Druci,545,Doloon,6/16/2025,Canned Sardines,3.29
546,Eartha,546,Santiago,6/17/2025,Nutty Trail Mix,4.29
547,Abe,547,Troitskoye,10/13/2025,Quinoa & Black Bean Salad,7.49
548,Asher,548,Dioila,6/22/2025,Floral Wrap Top,49.99
549,Allis,549,Pasłęk,5/25/2025,Sour Cream,3.49
550,Hervey,550,Oldřišov,6/3/2025,Ceramic Planter Set,39.99
551,Gena,551,Heshui,7/10/2025,Tactical Backpack,59.99
552,Kevan,552,Cầu Giát,5/1/2025,Roasted Garlic Mashed Potatoes,3.99
553,Horten,553,Babakan Baru,4/25/2025,Classic Slim Fit Shirt,49.99
554,Melinde,554,Yipeng,3/10/2025,Smartphone Car Mount with Wireless Charging,39.99
555,Booth,555,Guanting,6/27/2025,Digital Alarm Clock,19.99
556,Rubina,556,Barra,9/15/2025,Board Game,34.99
557,Lanna,557,Tambac,6/2/2025,Organic Honeycrisp Apples,1.99
558,Nikolas,558,Bergen,11/15/2024,Kids' Art Easel,58.99
559,Terri,559,Jiang’an,3/18/2025,Lemon Zest Olive Oil,8.99
560,Dino,560,Komyshnya,5/1/2025,Travel Sewing Kit,12.99
561,Pascale,561,Shichuan,5/27/2025,Customizable Name Puzzle,29.99
562,Tore,562,Montpellier,1/19/2025,DIY Candle Kit,34.99
563,Brigitte,563,Karanglo,3/3/2025,Elderberry Syrup Kit,22.99
564,Roxane,564,Hedi,12/5/2024,Collapsible Colander,14.99
565,Had,565,Tala,9/10/2025,Ceramic Knife Set,39.99
566,Bevin,566,Vespasiano,12/6/2024,Blackberry Compote,5.29
567,Vincent,567,Washington,3/2/2025,Smartphone Tripod with Bluetooth Remote,29.99
568,Jeffrey,568,Nantes,7/15/2025,Lightweight Workout Tank,29.99
569,Nolana,569,Domampot,12/19/2024,Italian Herbal Seasoning,1.99
570,Lesli,570,Vilhelmina,12/1/2024,Elegant Maxi Skirt,44.99
571,Chevy,571,Moju,11/30/2024,Tomato Basil Pasta Sauce,3.99
572,Justinian,572,Dorowa Mining Lease,11/1/2024,Ceramic Cookware Set,179.99
573,Tammy,573,Tillabéri,12/11/2024,Puzzle 3D Model Kit,22.99
574,Michael,574,Kushtia,7/18/2025,Cinnamon Apple Sauce,2.49
575,Kienan,575,Novomichurinsk,4/4/2025,Buffalo Sauce,2.99
576,Bibbye,576,Almeirim,1/2/2025,Vanilla Ice Cream,4.99
577,Rafi,577,Sanguansi,8/13/2025,Chili Beans (canned),1.69
578,Flynn,578,Toul,10/3/2025,Protein Pancake Mix,3.99
579,Denny,579,Espérance Trébuchet,6/10/2025,Stuffed Grape Leaves,5.79
580,Kele,580,Bartolomé Masó,11/8/2024,Paprika,1.79
581,Birgit,581,Yao’an,5/19/2025,Diced Tomatoes (canned),1.49
582,Sharline,582,Beiling,8/31/2025,Canned Sardines,3.29
583,Gisela,583,Salinas,9/15/2025,Protein Bar Variety Pack,12.99
584,Philomena,584,Wengang,2/15/2025,Organic Ramen Noodles,2.89
585,Therese,585,Fengshan,3/12/2025,Roasted Red Pepper Hummus,3.49
586,Giffy,586,Washington,10/13/2025,Wireless Game Controller,39.99
587,Benedicto,587,Hetian,8/15/2025,Garlic Herb Grilled Chicken,8.99
588,Vasily,588,L'Aigle,11/13/2024,Adjustable Garden Rake,22.99
589,Grazia,589,Dek’emhāre,8/28/2025,Memory Foam Mattress Pad,69.99
590,Florencia,590,Banjar Bias,6/23/2025,Organic Almonds,8.99
591,Nathanael,591,Petersfield,7/26/2025,Portable Hammock,27.99
592,Jefferson,592,Baohe,12/24/2024,Caramel Apple Chips,3.49
593,Pavlov,593,Jingzi,8/20/2025,Ceramic Knife Set,39.99
594,Adina,594,Qīr,9/28/2025,Kale Chips,3.99
595,Lovell,595,Orléans,2/22/2025,Silicone Baking Cups,10.99
596,Packston,596,Annonay,1/15/2025,BBQ Jackfruit,4.29
597,Eleanor,597,Daijiaba,5/7/2025,Hot Dog Buns,2.49
598,Antoinette,598,Lisieux,7/18/2025,Maple Bacon Popcorn,3.49
599,Ann,599,Aleysk,8/17/2025,Pet Water Bottle,18.99
600,Lorenzo,600,Toba Tek Singh,8/3/2025,Digital Stopwatch Timer,12.99
601,Danica,601,Gävle,2/1/2025,Digital Meat Thermometer,24.99
602,Ellis,602,Reserva,1/13/2025,Wooden Toy Train Set,29.99
603,Cahra,603,Ulaandel,3/23/2025,Fitbit Activity Tracker,99.99
604,Cacilie,604,Turinsk,9/21/2025,Ceramic Bakeware Set,49.99
605,Valli,605,Toamasina,6/18/2025,Vegan Chocolate Cake Mix,4.29
606,Booth,606,Khanu Woralaksaburi,9/28/2025,Children's Educational Puzzle,19.99
607,Neilla,607,Velyka Pysarivka,9/22/2025,Safety Goggles,14.99
608,Winnie,608,Huangzhuang,8/15/2025,Hummus Variety Pack,5.99
609,Stacey,609,Lille,7/30/2025,Canned Coconut Milk,1.89
610,Lauralee,610,Longping,1/18/2025,Pita Bread,2.99
611,Gordan,611,Germiston,2/2/2025,Kettle Chip Variety Pack,3.99
612,Rebecca,612,Verkhniye Kigi,5/26/2025,Non-Toxic Concrete Sealer,39.99
613,Ginger,613,Xianzong,10/10/2025,Blackberry Compote,5.29
614,Paule,614,Lanyi,1/29/2025,Frozen Pizza,7.99
615,Hailey,615,Muheza,1/27/2025,Sesame Oil,3.99
616,Shani,616,Chashnikovo,8/14/2025,Almond Quinoa Salad,5.99
617,Ev,617,Calape,1/13/2025,Vegetable Quinoa Bowl,5.99
618,Abdel,618,Meedhoo,10/27/2024,Reusable Produce Bags Set,14.99
619,Desmond,619,Spring,1/13/2025,Creamy Garlic Mashed Potatoes,3.99
620,Lauraine,620,Quyangqiao,9/5/2025,Handheld Garment Steamer,34.99
621,Freda,621,Takedamachi,7/6/2025,Chocolate Mint Thins,2.99
622,Justina,622,Batulawang,9/14/2025,Memory Foam Pillow,39.99
623,Bancroft,623,Kletek,7/15/2025,Caramelized Onion Dip,3.99
624,Esmeralda,624,Huazangsi,9/19/2025,Buffalo Wing Sauce,3.99
625,Durand,625,Nakhon Pathom,11/17/2024,Educational STEM Kit,35.99
626,Kathryn,626,Itatiba,8/31/2025,Picnic Blanket,29.99
627,Lorry,627,Safotulafai,3/20/2025,Adjustable Laptop Desk,59.99
628,Tom,628,Shilipu,12/6/2024,Computer Monitor Stand,29.99
629,Melisenda,629,Coutada,3/26/2025,Spiced Pumpkin Soup,3.99
630,Alyson,630,Jakhaly,7/11/2025,Water Bottle with Built-in Fruit Infuser,18.99
631,Juliet,631,Maclear,5/12/2025,Adjustable Bar Stools,149.99
632,Danyelle,632,Nyapar,9/8/2025,Satin Slip Dress,59.99
633,Fenelia,633,Palpalá,5/12/2025,Marinara Parmesan Baked Ziti,8.49
634,Denis,634,Shiroishi,7/13/2025,Vanilla Pudding Mix,1.29
635,Zebulon,635,Boljevac,1/8/2025,Bird Feeder,24.99
636,Rahel,636,Emiliano Zapata,11/15/2024,Coconut Almond Granola,4.99
637,Kara,637,Macheng,8/15/2025,Kettle BBQ Grill,99.99
638,Roderick,638,Dongfeng,4/23/2025,Plaid Flannel Shirt,29.99
639,Katy,639,Slatyne,11/21/2024,Oats,3.29
640,Fenelia,640,Tingqian,3/26/2025,Classic Caesar Dressing,3.49
641,Ashley,641,Sawaengha,12/27/2024,Honey mustard chicken tenders,7.99
642,Rod,642,Alejo Ledesma,6/8/2025,Black Bean Salsa,3.49
643,Allsun,643,Ishigaki,8/22/2025,Mango Salsa,3.49
644,Louise,644,Sano,3/19/2025,Coffee Maker,89.99
645,Kenton,645,Pogag,11/3/2024,Zucchini Noodles,3.99
646,Sybille,646,Zhuangta,5/12/2025,Black Olives,1.99
647,Maribeth,647,Jingzhuang,5/25/2025,Personalized Pet ID Tags,9.99
648,Dione,648,Seltjarnarnes,10/29/2024,Pumpkin Spice Cookies,3.29
649,Dniren,649,Mailag,5/7/2025,Golf Polo Shirt,39.99
650,Happy,650,Xue’an,8/31/2025,Creative Puzzle Game,19.99
651,Tymothy,651,Kharlu,9/3/2025,Fitness Foam Roller,29.99
652,Angie,652,Sanxing,2/5/2025,Cacao Powder,4.49
653,Kamillah,653,Sikeshu,3/7/2025,Karaoke Microphone,39.99
654,Vincenty,654,Hongling,2/21/2025,Car Diagnostic Scanner,49.99
655,Isiahi,655,Ma’an,3/24/2025,Pizza Stone,29.99
656,Mireille,656,København,5/4/2025,Peanut Butter Chocolate Chip Bars,4.59
657,Launce,657,Cilaja,7/6/2025,Fruit & Nut Trail Mix,4.99
658,Tobye,658,Grzechynia,11/28/2024,Fitness Tracker Band,29.99
659,Hadleigh,659,Bhātpāra Abhaynagar,2/26/2025,Maple Pecan Granola,4.49
660,Patrica,660,Sofádes,1/10/2025,Coconut Granola,4.19
661,Renato,661,Maseru,9/10/2025,Frozen Fruit Medley,5.99
662,Nichole,662,Kuroda,3/23/2025,Organic Coconut Flakes,3.49
663,Herta,663,Pouso Alegre,12/27/2024,Ribbed Knit Dress,59.99
664,Saul,664,Xiadu,9/2/2025,Magnetic Chess Set,19.99
665,Karly,665,Chaplygin,9/9/2025,Wireless Induction Charger,19.99
666,Homer,666,Quime,6/1/2025,Puzzle 3D Model Kit,22.99
667,Sybila,667,Caldas da Rainha,1/6/2025,Arcade Game Machine,299.99
668,Ardis,668,Krugersdorp,10/17/2025,Smart Wi-Fi Camera,89.99
669,Ricki,669,Marco,10/29/2024,Caraway Rye Bread,4.79
670,Elisha,670,Rožmitál pod Třemšínem,3/22/2025,Outdoor Sports Backpack,49.99
671,Tristan,671,Zapatero,9/18/2025,Reusable Food Storage Bags,19.99
672,Vale,672,Yunyang,8/29/2025,Garlic Parmesan Roasted Potatoes,3.99
673,Merry,673,Hongshan,2/14/2025,Ergonomic Gaming Chair,199.99
674,Shanda,674,San Lorenzo,5/13/2025,Over-Ear Headphones,59.99
675,Kellen,675,Buenavista,2/1/2025,Ginger Tea,4.99
676,Fernanda,676,Nikki,12/14/2024,Dark Chocolate Covered Almonds,7.19
677,Aldric,677,Qinglung,1/5/2025,Collapsible Storage Crates,18.99
678,Maurie,678,West End,4/22/2025,Teriyaki Stir-Fry Sauce,3.49
679,Naomi,679,Bojongaren,6/14/2025,Kettle BBQ Grill,99.99
680,Jade,680,Banjar Wates Tengah,1/2/2025,Portable Pet Bathing Tool,29.99
681,Sylvan,681,Yunxi,9/1/2025,Pistachio Ice Cream,4.99
682,Janie,682,Jardoeira,3/1/2025,LED Desk Lamp with USB Charging Port,29.99
683,Twyla,683,Song,1/3/2025,Sunglasses Case,15.99
684,Jessica,684,Mombok,8/11/2025,Watercolor Set,19.99
685,Courtney,685,Taboc,11/11/2024,Organic Cereal Bars,4.29
686,Felice,686,Granja,8/8/2025,Smartphone Projector Kit,24.99
687,Shelba,687,Shinkafe,11/16/2024,Beef Tacos,5.49
688,King,688,Kōriyama,12/18/2024,Mushrooms,2.99
689,Lucilia,689,Fenhe,6/17/2025,Smartphone Holder for Car,14.99
690,Gram,690,Wangzha,10/23/2024,Wall Calendar,17.99
691,Lind,691,Hatton,11/6/2024,Coconut Cream Pie Mix,4.99
692,Caryl,692,Antopal’,4/6/2025,Pet Safety Belt for Car,14.99
693,Britni,693,Loštice,3/18/2025,Magnetic Puzzle Board,24.99
694,Dewey,694,Sovetskaya,10/30/2024,Frozen Cauliflower Rice,2.99
695,Daffie,695,Salinópolis,8/8/2025,Smartphone Tripod with Bluetooth Remote,29.99
696,Wit,696,Songshu,5/4/2025,Desk Lamp with USB Port,29.99
697,Julieta,697,Luyang,4/11/2025,Artisan Bread Loaf,3.99
698,Ginger,698,Molugan,1/11/2025,Quinoa and Kale Salad Kit,5.29
699,Horatio,699,Tapilon,11/24/2024,Mesh Sports Leggings,39.99
700,Cindy,700,Sharkawshchyna,11/11/2024,Coloring Books for Adults,14.99
701,Gaven,701,Hufeng,11/6/2024,Avocado Oil,8.49
702,Renaud,702,Puyang,6/17/2025,Sturdy Bookends,22.99
703,Toddy,703,Kaniv,1/16/2025,Cranberry Juice,3.69
704,Caroline,704,Osiek,8/24/2025,Peach Green Tea,3.49
705,Nerissa,705,Detroit,4/30/2025,Garlic Herb Grilled Chicken,8.99
706,Thor,706,Cagnes-sur-Mer,8/23/2025,Tofu,2.49
707,Cami,707,E’zhou,9/29/2025,Reusable Snack Bags,14.99
708,Standford,708,Pil’na,1/26/2025,Herbed Mushroom Risotto,5.49
709,Sherwin,709,Provins,11/16/2024,Body Pillow Case,14.99
710,Jolene,710,Louny,1/25/2025,Sliced Cheese,4.49
711,Inez,711,Lukićevo,7/8/2025,Smart Light Bulbs,34.99
712,Emlynne,712,Lelystad,2/23/2025,Rice Cakes,2.29
713,Marilyn,713,Adygeysk,11/5/2024,Buttermilk Pancakes,3.99
714,Lavinie,714,Utrecht,4/2/2025,Buffalo Sauce,2.99
715,Hal,715,Menampukrajan,3/17/2025,Foot Massager Machine,59.99
716,Dita,716,Norberg,5/19/2025,Electric Kettle with Temperature Control,49.99
717,Dollie,717,Sidareja,5/25/2025,Adjustable Bar Stools,149.99
718,Marleah,718,Reims,4/5/2025,Sunglasses Case,15.99
719,Hyacinthia,719,Puricay,4/27/2025,Instant Camera,89.99
720,Billi,720,Lichtenburg,5/11/2025,Roasted Sweet Corn,1.99
721,Ernaline,721,Padangsidempuan,8/6/2025,Lightweight Workout Tank,29.99
722,Augie,722,Dijon,7/11/2025,Casual Sneakers,39.99
723,Adelina,723,Naukot,12/26/2024,Coloring Books for Adults,14.99
724,Gerome,724,Rulong,11/29/2024,Hummus Trio Pack,5.49
725,Zebadiah,725,Khŭjand,11/14/2024,Pet Safety Harness,24.99
726,Bertram,726,Chocos,10/31/2024,Cabbage Slaw Mix,2.29
727,Alverta,727,Bizhbulyak,6/7/2025,Automatic Pet Feeder,69.99
728,Berny,728,Besançon,1/5/2025,Nut Butter Cups,3.99
729,Heriberto,729,Banyo,8/28/2025,Wall-Mounted Wine Rack,39.99
730,Friederike,730,Bungo-Takada-shi,7/22/2025,Baked Falafel Balls,5.99
731,Demetra,731,Waingapu,7/30/2025,Garlic Herb Cream Cheese,2.99
732,Demeter,732,Ribeira,10/7/2025,Frozen Salmon Filets,12.99
733,Olivier,733,Smidary,3/20/2025,Colorful Post-It Notes Set,9.99
734,Elianore,734,Huoshaoping,4/8/2025,Electric Griddle with Lid,49.99
735,Chaim,735,Aleysk,6/7/2025,Graphic Sweatshirt,34.99
736,Hortensia,736,Fullerton,5/12/2025,Magnetic Phone Car Mount,14.99
737,Jessika,737,Lubukgadang,6/29/2025,Creamy Coleslaw Mix,2.39
738,Janeva,738,Naze,11/20/2024,Mini Electric Kettle,29.99
739,Abdel,739,Baiqiao,12/16/2024,Vanilla Almond Granola,4.29
740,Neale,740,Tapera,8/30/2025,Spinach and Cheese Stuffed Shells,5.99
741,Xena,741,Warungawi,5/24/2025,Slim Wallet,24.99
742,Sydelle,742,Qiangqinxue,2/2/2025,Electric Griddle,54.99
743,Ree,743,Zaozhuang,2/8/2025,Handcrafted Wooden Jewelry Box,39.99
744,Sydel,744,Yinjiaxi,6/23/2025,Biodegradable Phone Case,23.99
745,Alphonse,745,Banjar Dukuh,10/17/2025,Electric Hot Water Dispenser,59.99
746,Phylis,746,Seremban,11/11/2024,Portable UV Sterilizer,19.99
747,Eleonore,747,Belverde,8/26/2025,Chocolate Peanut Butter Cups,2.29
748,Garret,748,Cholpon-Ata,10/20/2024,Sports Water Bottle with Infuser,19.99
749,Neal,749,Kafr Takhārīm,6/25/2025,Trail Mix (Deluxe),4.59
750,Ileana,750,Arlington,12/27/2024,Pork Tenderloin,10.99
751,Belicia,751,Fratar,11/7/2024,Vegetable Spiralizer,19.99
752,Kristy,752,Yangpu,12/17/2024,Relaxed Fit Henley Shirt,29.99
753,Brunhilde,753,Wang Saphung,8/10/2025,Creative Puzzle Game,19.99
754,Chaunce,754,Nahrīn,6/1/2025,Wireless Earbuds,69.99
755,Matty,755,København,11/22/2024,Home Brewing Starter Kit,79.99
756,Joli,756,Xidajie,11/21/2024,Screen Cleaning Kit,15.99
757,Brocky,757,Juli,2/18/2025,Coconut Chia Seed Pudding,2.99
758,Meghann,758,Ostrožská Nová Ves,3/31/2025,Black Olives,1.99
759,Elisabeth,759,Rakszawa,4/19/2025,Dog Collar,15.99
760,Benedikt,760,Fengshuling,10/15/2025,Yoga Wheel,34.99
761,Nial,761,Hacienda La Calera,1/15/2025,Fishing Tackle Box,24.99
762,Moise,762,Shapa,9/12/2025,Corn Tortillas,2.49
763,Paige,763,Trélazé,8/12/2025,Rice Cakes,2.29
764,Marga,764,Štítina,8/20/2025,Italian Sausage and Peppers,8.99
765,Thomasin,765,Kariaí,6/9/2025,Canned Coconut Milk,1.89
766,Pansy,766,A dos Cunhados,1/28/2025,Bluetooth Shower Speaker,24.99
767,Karlene,767,Laguilayan,11/24/2024,Fashionable Belt Bag,34.99
768,Tammie,768,Asquipata,5/31/2025,Outdoor Camping Lantern,34.99
769,Cordelia,769,Curibaya,9/23/2025,Sous Vide Cooker,79.99
770,Aloysia,770,Surin,11/15/2024,Underwater Camera,199.99
771,Leigh,771,Lücheng,1/18/2025,Honey Mustard Dip,3.29
772,Tootsie,772,Tuanjie,6/12/2025,Garlic Naan Bread,3.99
773,Benoit,773,Witzenhausen,10/24/2024,Canned Sardines,3.29
774,Lloyd,774,Taishanmiao,7/1/2025,Cheesy Cauliflower Bake,5.49
775,Sal,775,Rivière-du-Loup,7/24/2025,Tactical Backpack,59.99
776,Jock,776,Jianxin,3/25/2025,Fruit and Nut Medley,5.99
777,Base,777,Rače,3/4/2025,Homemade Salsa,3.79
778,Mimi,778,Palpalá,7/16/2025,Crew Neck Sweater,39.99
779,Leisha,779,Mbanza Congo,5/12/2025,Vegetable Stir-Fry Sauce,3.49
780,Alaster,780,Princeville,5/10/2025,Fresh Lemons,0.75
781,Aurore,781,Itaberaba,7/13/2025,Teriyaki Tofu Stir-Fry,7.49
782,Thor,782,Wisznice,3/11/2025,Portable Pet Bathing Tool,29.99
783,Regine,783,Kuala Lumpur,3/16/2025,Colorful Post-It Notes Set,9.99
784,Kym,784,Banawang,8/15/2025,Coconut Rice,2.29
785,Art,785,Sukamaju,1/27/2025,Hot Dog Buns,2.49
786,Claresta,786,Shcherbinka,11/6/2024,Silicone Ice Cube Tray,10.99
787,Sharl,787,Babakantonggoh,10/30/2024,Garlic Herb Seasoning,1.99
788,Coop,788,San Isidro,5/24/2025,Wall Planner,19.99
789,Koren,789,Cunén,2/21/2025,Silicone Baking Cups,10.99
790,Katherine,790,Chalandrítsa,9/2/2025,Classic Cheesecake Mix,4.99
791,Celle,791,Birzai,10/11/2025,Raspberry Tart,5.49
792,Alyson,792,Muheza,2/13/2025,Cinnamon Roll Protein Bar,2.99
793,Michelle,793,Kaliprak,3/23/2025,Chipotle Lime Salsa,3.99
794,Bird,794,Anka,10/24/2024,Pineapple Coconut Rice Mix,3.99
795,Parsifal,795,Castelo de Vide,6/13/2025,Mushroom Soup (canned),2.49
796,Keely,796,Petroúpolis,7/6/2025,Dried Mango Slices,3.49
797,Arvin,797,Ténenkou,9/9/2025,Electric Stir Fry Pan,49.99
798,Clara,798,Cestas,1/30/2025,Chocolate Chip Energy Balls,3.99
799,Mallorie,799,Sonorejo,6/26/2025,Mini Food Processor,39.99
800,Dee,800,Bojawa,12/14/2024,Maple Almond Yogurt,1.89
801,Zsa zsa,801,Sukasirna,10/9/2025,LED Table Lamp,29.99
802,Cherilynn,802,Bandar ‘Abbās,6/28/2025,Handheld Vacuum,79.99
803,Conroy,803,Siquisique,12/13/2024,Maple Bacon Potato Chips,2.89
804,Codie,804,Cacaopera,11/27/2024,Computer Monitor Stand,29.99
805,Hermann,805,San Pablo,12/11/2024,Chili Lime Shrimp,8.99
806,Luciano,806,Gualaceo,2/8/2025,Strawberry Banana Smoothie Pack,4.99
807,Laurie,807,Vranje,3/5/2025,Fettuccine Alfredo Dinner Kit,5.49
808,Rosalyn,808,Charras,6/22/2025,Smart Light Bulbs,34.99
809,Odille,809,Paraguaçu,5/11/2025,Pasta Sauce Mix,1.29
810,Petra,810,Hikkaduwa,9/9/2025,Honey Roasted Chickpeas,3.29
811,Maxim,811,Corumbá,12/27/2024,Garden Vegetable Soup,3.29
812,Rooney,812,Yūki,11/27/2024,Maple Almond Yogurt,1.89
813,Shay,813,Černilov,2/14/2025,Cheddar & Bacon Potato Skins,7.49
814,Nanine,814,Bateria,5/14/2025,Lentil Vegetable Curry,4.49
815,Andeee,815,Sundsvall,7/31/2025,Kettle Chip Variety Pack,3.99
816,Crystie,816,La Cruz,12/11/2024,Voice-Controlled Speaker,99.99
817,Shela,817,Atamanovka,1/12/2025,Sriracha Sauce,3.19
818,Derby,818,Xinqiao,5/21/2025,Pet Caress Brush,12.99
819,Tuck,819,Darwin,5/1/2025,Sea Salt Caramel Brownie,2.49
820,Charil,820,Nansheng,4/10/2025,Men's Waterproof Hiking Boots,89.99
821,Wainwright,821,Windsor,12/9/2024,Pepper Jack Cheese Slices,3.49
822,Annaliese,822,Suqin Huimin,2/23/2025,Multi-Tool,39.99
823,Kaspar,823,Täby,5/17/2025,Coconut Rice,2.29
824,Abbie,824,Margate,10/29/2024,Electrolyte Water Bottle,34.99
825,Herbert,825,Al Bilād,8/17/2025,Magnetic Whiteboard,34.99
826,Elset,826,El Realejo,10/4/2025,Sushi Rice,3.99
827,Wilek,827,Mladá Boleslav,1/9/2025,Kids' Learning Tablet,129.99
828,Calypso,828,Zhangjiayuan,2/12/2025,Gluten-Free Bread,5.49
829,Correy,829,Changzheng,7/22/2025,Organic Black Rice,3.59
830,Shurlocke,830,Annecy,6/9/2025,Glass Water Bottle,25.99
831,Deni,831,Kampungraja,8/13/2025,Cheese Stuffed Jalapenos,5.99
832,Berty,832,Fontenay-sous-Bois,11/13/2024,Nutty Granola Clusters,2.49
833,Wallie,833,Fargo,12/13/2024,Herb Drying Rack,22.99
834,Cherianne,834,Xujiadian,1/10/2025,Orange Ginger Vinaigrette,3.99
835,Kaleb,835,Hantang,10/2/2025,Cranberry Almond Granola,4.29
836,Thedrick,836,Vicente Guerrero,1/14/2025,Falafel Mix,2.79
837,Bentlee,837,Mogotes,1/24/2025,Coconut Curry Lentil Soup,3.99
838,Debi,838,Abrantes,1/22/2025,Trail Mix (Deluxe),4.59
839,Norri,839,Xikou,3/15/2025,Coconut Curry Lentil Soup,3.99
840,Kimbell,840,Resistencia,1/18/2025,Sea Salt Tortilla Chips,2.49
841,Nonna,841,George Hill,10/1/2025,Caramel Apple Chips,3.49
842,Gerta,842,Gaopi,11/19/2024,Camping Chair,29.99
843,Melly,843,Vestmanna,3/24/2025,Wireless Security System,299.99
844,Wainwright,844,Damulog,2/3/2025,Casual Cropped Sweater,39.99
845,Web,845,Changshan,9/8/2025,Maple Pecan Pancake Mix,4.99
846,Jillane,846,Kempele,1/1/2025,Electric Heat Pad,24.99
847,Florence,847,Slavuta,11/24/2024,Training Soccer Ball,19.99
848,Jordan,848,Hotsk,11/11/2024,Wild Rice Pilaf,3.79
849,Marcelia,849,Arísvi,6/5/2025,Over-the-Door Shoe Organizer,22.99
850,Kristos,850,San Cristóbal,6/2/2025,Dark Chocolate Almond Butter Cups,4.99
851,Sergei,851,Ximapo,11/13/2024,Whole Wheat Pita Bread,2.79
852,Ebony,852,Iksha,8/5/2025,Canned Coconut Milk,1.89
853,Emmeline,853,Wolometang,3/24/2025,Cream Cheese,2.69
854,Randolf,854,Jingzhu,3/3/2025,Self-Inflating Camping Mattress,49.99
855,Averil,855,Lakki Marwat,1/29/2025,Indoor Grill,59.99
856,Flossie,856,Czerwieńsk,9/24/2025,Outdoor Adventure Backpack,59.99
857,Staci,857,Harper,10/21/2024,Honeycrisp Apple Chips,3.49
858,Alvera,858,Parung,8/28/2025,Mesh Laundry Bags Set,12.99
859,Andrej,859,Khadzhalmakhi,5/1/2025,Shredded Cheese,4.29
860,Laurene,860,Cayara,12/16/2024,Cinnamon Ice Cream,4.99
861,Cathie,861,Mílos,4/29/2025,Magnetic Screen Door,24.99
862,Lexine,862,Lebedyn,6/8/2025,Terry Cloth Robe,59.99
863,Felecia,863,Bích Động,12/8/2024,Garlic and Herb Cream Cheese,3.49
864,Shelley,864,Gapan,10/11/2025,Wireless Security System,299.99
865,Betsy,865,Nong Chik,4/1/2025,Mini Waffle Maker,24.99
866,Annadiana,866,Bang Krathum,12/4/2024,Mayonnaise,3.29
867,Rodrique,867,Habartov,3/4/2025,Chocolate Protein Powder,24.99
868,Thebault,868,Arkalyk,7/2/2025,Almond Flour Cookies,4.99
869,Emera,869,Juatuba,5/8/2025,Frozen Fruit Medley,5.99
870,Sigismundo,870,Melaka,5/23/2025,Frozen Vegetarian Pizza,6.49
871,Carce,871,Dvorichna,1/9/2025,Peach Salsa,3.29
872,Sonnie,872,Campina Grande do Sul,3/22/2025,Cinnamon Sugar Popcorn,2.89
873,Perceval,873,Xishan,9/27/2025,Handheld Garment Steamer,34.99
874,Petr,874,Mancha Khiri,11/16/2024,Fresh Cilantro,1.49
875,Janice,875,Xiangcheng,9/13/2025,Leather Biker Jacket,129.99
876,Wilmar,876,Kema,7/31/2025,Smart Scale,59.99
877,Robyn,877,Mchinji,3/12/2025,Travel Shoe Bags Set,15.99
878,Alfi,878,Perpignan,4/12/2025,Watercolor Set,19.99
879,Court,879,Tayug,2/27/2025,Buttermilk Pancakes,3.99
880,Niels,880,Pengshi,8/10/2025,Vegetarian Stuffed Peppers,4.99
881,Carmella,881,Toubao,2/12/2025,Key Finder,19.99
882,Marianna,882,Chedao,12/20/2024,Portable Water Filter,29.99
883,Oswald,883,Dongmaku,9/12/2025,Outdoor Inflatable Pool,149.99
884,Bab,884,Zhukovo,4/7/2025,Organic Sweet Potatoes,1.99
885,Tad,885,Medveđa,1/12/2025,Cabbage Slaw Mix,2.29
886,Ofella,886,Jaboatão,1/18/2025,Honeycrisp Apple Chips,3.49
887,Damita,887,Hepo,2/7/2025,Dark Chocolate Raisins,3.49
888,Nikki,888,Tongqiao,7/1/2025,Self-Cleaning Cat Litter Box,199.99
889,Vonnie,889,Osias,12/7/2024,Collapsible Storage Crates,18.99
890,Krystle,890,Greensboro,10/12/2025,Organic Lentil Soup,4.99
891,Zorine,891,Vyshneve,12/22/2024,Heavy Duty Gardening Tool Set,49.99
892,Dill,892,Anjani Barat,5/13/2025,Kids' Science Experiment Kit,29.99
893,Cammie,893,Anchorage,5/17/2025,Travel Size Toiletry Bottles,9.99
894,Nikki,894,Urek-urek,3/4/2025,Teriyaki Chicken Wings,10.99
895,Jojo,895,Dougang,4/20/2025,Cucumber Lime Sparkling Water,1.49
896,Yorgo,896,Jayapura,9/7/2025,Insulated Cooler,39.99
897,Rafi,897,Dvinskoy,3/2/2025,Winter Knit Beanie,14.99
898,Duff,898,Niedźwiedź,7/22/2025,DIY Candle Kit,34.99
899,Joli,899,Höshigiyn-Ar,10/12/2025,Fitness Activity Journal,14.99
900,Nola,900,Sollefteå,9/1/2025,Electrolyte Water Bottle,34.99
901,Ronny,901,Hongyi,8/28/2025,Pine Nuts,7.99
902,Zelma,902,Hội An,7/23/2025,Honey Sriracha Chicken Bites,7.99
903,Lindie,903,Bar,10/3/2025,Pasta Salad Kit,5.99
904,Marianne,904,Jiuxian,10/1/2025,Himalayan Salt Grinder,4.99
905,Salim,905,Inabaan Sur,9/11/2025,Vegetable Quinoa Bowl,5.99
906,Myrtia,906,Qohord-e Bālā,3/13/2025,Non-Slip Yoga Socks,12.99
907,Dosi,907,Sapol,5/22/2025,Wooden Blocks,24.99
908,Wright,908,Krajan Dua Sumbersari,8/10/2025,Fleece Lined Leggings,29.99
909,Flemming,909,Lisovi Sorochyntsi,7/4/2025,Creamy Tomato Basil Soup,3.29
910,Fanya,910,Talalayivka,6/25/2025,Fitness Resistance Bands,29.99
911,Carroll,911,Chapultepec,4/24/2025,Graphic Sweatshirt,34.99
912,Arleta,912,Huangsha,7/27/2025,Bicycle Lock,29.99
913,Debor,913,Quibal,2/19/2025,Almond Milk Yogurt,1.99
914,Marline,914,Carayaó,12/3/2024,Arcade Game Machine,299.99
915,Eolande,915,Kovylkino,11/5/2024,Portable Hand Warmer,24.99
916,Imogene,916,Zhaogezhuang,7/20/2025,Smoked Paprika,2.99
917,Wes,917,El Nido,12/10/2024,Pest Control Traps,22.99
918,Lula,918,Dragomer,7/4/2025,Shredded Cheese,4.29
919,Karole,919,San José,3/30/2025,Over-Ear Headphones,59.99
920,Allie,920,Bayan Huxu,8/15/2025,Cabbage,1.29
921,Teodor,921,Mesa,6/20/2025,Pecan Nuts,6.49
922,Theresita,922,Mujães,11/1/2024,Pet Food Storage Container,24.99
923,Etan,923,Sankeng,1/8/2025,Bodyweight Resistance Bands,22.99
924,Borden,924,Nglojo,1/21/2025,Organic Coconut Yogurt,4.49
925,Sondra,925,Pamoyanan,2/10/2025,Gardening Tool Belt,22.99
926,Flemming,926,Sabanalarga,6/24/2025,Ground Cinnamon,1.99
927,Amandie,927,Barrosas,4/22/2025,Vanilla Pudding Mix,1.29
928,Fredrick,928,Höviyn Am,5/2/2025,Marinara Parmesan Baked Ziti,8.49
929,Baxter,929,Betaf,9/24/2025,Chocolate Mint Cookies,2.29
930,Gearard,930,Sembungin,9/6/2025,Digital Meat Thermometer,24.99
931,Benedikt,931,Kristiansand S,12/25/2024,Vegan chocolate chip cookies,4.79
932,Peadar,932,Bressuire,11/20/2024,Smartphone Gimbal Stabilizer,89.99
933,Gerrie,933,Long Layu,8/7/2025,Honey mustard chicken tenders,7.99
934,Dani,934,Huangge,1/2/2025,Artisan Bread,4.59
935,Felicio,935,Porta,9/1/2025,Crispy Chickpeas,2.99
936,Jackquelin,936,Pueblo,12/1/2024,Electric Milk Frother,19.99
937,Florette,937,Lapa,4/22/2025,Vegan Caesar Dressing,3.99
938,Shel,938,Langley,12/11/2024,Desk Organizer Set,29.99
939,Meryl,939,Zhaocun,7/30/2025,Lemon Herb Quinoa,3.49
940,Maximilian,940,Lajinha,3/18/2025,Sturdy Bookends,22.99
941,Datha,941,Odivelas,2/1/2025,Baked Mac and Cheese,5.99
942,Corny,942,Totoras,6/13/2025,Fitness Resistance Bands,29.99
943,Valida,943,Barwałd Górny,3/1/2025,Mechanical Pencil Set,19.99
944,Cristine,944,Xiaba,1/29/2025,Oven-Baked Cheese Crisps,3.99
945,Gardiner,945,Breda,6/4/2025,Fishing Tackle Box,24.99
946,Mellisa,946,Patía,4/27/2025,Beef Sirloin Steak,15.99
947,Inger,947,Pampanito,7/10/2025,Chunky Knit Sweater,59.99
948,Monah,948,Brisbane,6/13/2025,Sesame Garlic Noodles,3.49
949,Lacy,949,Panyingkiran,2/14/2025,Personalized Keychain,10.99
950,Leontine,950,Banjing,4/21/2025,Kettle Corn Popcorn,2.99
951,Andromache,951,Årjäng,12/22/2024,Smart Thermos,39.99
952,Dehlia,952,Kolyshley,9/20/2025,Noise-Canceling Earbuds,79.99
953,Shaylyn,953,Dalududalu,7/4/2025,Mediterranean Chickpea Bowl,6.49
954,Bourke,954,Iradan,4/17/2025,Stainless Steel Mixing Bowls,29.99
955,Jeremiah,955,Goundam,9/23/2025,Car Vacuum Cleaner,39.99
956,Tootsie,956,Onomichi,12/21/2024,Waffle Maker,39.99
957,Tiffi,957,Pekijing,2/22/2025,Window Bird Feeder with Suction Cups,28.99
958,Zebadiah,958,Challhuahuacho,10/7/2025,Chunky Knit Sweater,59.99
959,Ferne,959,Nakhon Pathom,1/12/2025,Hand Crank Blender,18.99
960,Minta,960,Loanda,8/3/2025,Stainless Steel Straws,12.99
961,Ricki,961,Qinggang,8/28/2025,Saffron Rice Mix,2.99
962,Guinevere,962,Karangranjong,3/17/2025,Pet Safety Belt for Car,14.99
963,Rafael,963,Karvia,8/31/2025,Oven-Baked Sweet Potato Fries,3.99
964,Marcellus,964,Yezhi,10/18/2024,Electric Air Pump,29.99
965,Laureen,965,Kasina Wielka,1/30/2025,Snack Container Set,19.99
966,Dennie,966,Batulawang,4/20/2025,Smart Plant Monitor,24.99
967,Theresita,967,Mekarsari,7/11/2025,Portable Solar Generator,399.99
968,Rhodie,968,Ḩakamā,7/30/2025,Laptop Stand,29.99
969,Charlton,969,Pouso Alegre,1/11/2025,Smart LED Light Strip,29.99
970,Cymbre,970,Quilpué,10/16/2025,Desk Organizer Set,29.99
971,Anjanette,971,Saint Louis,6/4/2025,Flavored Rice Cakes,2.49
972,Vernor,972,Novo,8/5/2025,Tropical Fruit Bowl,4.99
973,Fayre,973,Springfield,8/5/2025,Maple Bacon Potato Chips,2.89
974,Rodi,974,Huaizhong,12/9/2024,Body Wash,12.99
975,Dagny,975,La Jagua de Ibirico,4/28/2025,Buffalo Sauce,2.99
976,Marwin,976,Krasnogorsk,2/26/2025,Pasta Salad Kit,5.99
977,Barry,977,Villa Urquiza,12/20/2024,Chickpea Snack Mix,3.49
978,Taddeusz,978,Sangiang,6/4/2025,Lightweight Rain Jacket,79.99
979,Cole,979,Medellín,4/1/2025,Portable Pet Pooper Scooper,12.99
980,Fran,980,Carcavelos,3/3/2025,Cheddar Cheese Crackers,2.29
981,Bernetta,981,San Cristóbal,3/11/2025,Carrot Ginger Soup,4.29
982,Laurice,982,Dédougou,1/26/2025,Cranberry Citrus Sauce,3.99
983,Sal,983,Otaru,1/7/2025,Adjustable Dumbbells,249.99
984,Vincenz,984,Hulu,8/26/2025,Grapes (red),3.49
985,Sal,985,Dazuo,2/2/2025,Maple Chipotle Glaze,3.49
986,Gabriela,986,Antou,11/3/2024,Maple Bacon Popcorn,3.49
987,Birgitta,987,Kizema,1/3/2025,Whole Grain Hamburger Buns,2.69
988,Tessie,988,Trindade,5/17/2025,Baked Falafel Balls,5.99
989,Thornton,989,Parnamirim,6/28/2025,Apricot Jam,4.29
990,Marie,990,Bełżec,9/26/2025,Glass Tea Pot,34.99
991,Genevieve,991,Nyazepetrovsk,1/21/2025,Lentil Pasta,4.99
992,Rich,992,Pontivy,4/10/2025,Vegetable Quinoa Bowl,5.99
993,Karen,993,Ganshui,3/25/2025,Mobile Workbench,199.99
994,Jenine,994,Shanghu,6/5/2025,Coconut Curry Lentil Soup,3.99
995,Harlin,995,Aygepat,3/17/2025,Cinnamon Apple Sauce,2.49
996,Kennedy,996,Loma Bonita,2/24/2025,Two-Tone Windbreaker,59.99
997,Abagail,997,Zhongjiapu,6/14/2025,Folding Pocket Knife,24.99
998,Win,998,Cícero Dantas,8/3/2025,Frozen Vegetarian Pizza,6.49
999,Koral,999,Cucuyagua,5/28/2025,Wooden Kitchen Utensil Set,19.99
1000,Carmita,1000,Kirovsk,9/24/2025,Personal Blender,39.99
